id,created_at
4,2019-01-25 16:12:30
11,2019-02-11 22:08:50
33,2019-03-15 14:49:26
68,2019-04-09 21:42:11
80,2019-04-11 3:26:28
83,2019-04-12 1:46:34
88,2019-04-12 20:36:20
90,2019-04-13 12:41:11
94,2019-04-15 2:05:42
100,2019-04-17 20:22:33
124,2019-05-21 1:31:25
129,2019-05-22 19:56:03
138,2019-05-30 17:20:02
158,2019-06-10 6:54:08
160,2019-06-12 2:08:34
172,2019-06-20 13:48:02
181,2019-06-25 21:05:53
182,2019-06-26 21:43:43
192,2019-06-29 0:18:28
196,2019-07-01 16:02:48
198,2019-07-01 19:34:37
202,2019-07-03 4:38:44
206,2019-07-03 18:12:26
211,2019-07-05 0:26:17
213,2019-07-07 12:24:20
217,2019-07-10 1:32:40
230,2019-07-23 16:15:29
231,2019-07-23 20:29:53
234,2019-07-24 16:37:37
237,2019-07-26 0:28:32
246,2019-07-31 1:43:39
259,2019-08-08 13:29:58
262,2019-08-13 2:48:55
264,2019-08-14 0:51:57
266,2019-08-14 16:45:30
267,2019-08-14 20:24:53
269,2019-08-17 21:05:47
271,2019-08-21 0:56:43
291,2019-09-04 14:54:25
297,2019-09-07 16:02:09
302,2019-09-09 22:16:47
305,2019-09-10 11:38:43
308,2019-09-10 20:48:52
311,2019-09-11 2:46:22
313,2019-09-13 12:13:47
318,2019-09-17 16:29:13
320,2019-09-22 20:48:53
328,2019-09-24 17:55:52
347,2019-10-02 6:00:36
351,2019-10-04 2:03:15
365,2019-10-04 23:30:46
368,2019-10-05 1:57:28
370,2019-10-05 11:57:16
394,2019-10-14 1:41:21
401,2019-10-17 15:23:34
412,2019-10-25 17:09:35
416,2019-10-28 4:17:33
421,2019-10-29 20:48:30
422,2019-10-29 21:38:11
423,2019-10-29 23:52:07
432,2019-11-06 17:57:03
439,2019-11-11 22:15:27
443,2019-11-21 2:38:00
448,2019-11-23 19:49:31
451,2019-11-29 22:33:06
464,2019-12-05 0:16:49
469,2019-12-07 19:48:58
477,2019-12-12 14:18:01
478,2019-12-15 17:50:37
479,2019-12-16 22:59:32
485,2019-12-17 20:13:02
486,2019-12-18 12:37:27
502,2019-12-26 15:53:39
505,2019-12-28 16:20:06
506,2019-12-30 12:37:25
516,2020-01-05 3:05:45
521,2020-01-08 14:11:32
523,2020-01-08 16:22:05
531,2020-01-13 16:05:47
542,2020-01-20 17:04:10
550,2020-01-21 15:35:08
551,2020-01-21 16:07:16
563,2020-01-23 0:27:20
585,2020-01-30 16:52:18
602,2020-02-08 3:37:56
609,2020-02-11 12:11:24
629,2020-02-25 16:53:50
645,2020-03-02 14:36:56
652,2020-03-03 15:35:42
658,2020-03-05 15:45:56
663,2020-03-10 11:54:51
672,2020-03-16 21:00:01
678,2020-03-18 19:46:05
707,2020-03-23 17:07:21
713,2020-03-24 13:10:16
718,2020-03-24 18:02:28
720,2020-03-24 22:44:59
736,2020-03-28 20:41:55
748,2020-04-01 4:57:49
755,2020-04-04 2:27:30
757,2020-04-06 14:35:38
763,2020-04-07 1:19:29
765,2020-04-07 1:34:03
767,2020-04-07 2:00:20
776,2020-04-07 23:24:48
790,2020-04-11 2:30:48
796,2020-04-13 19:41:22
819,2020-04-18 16:51:44
820,2020-04-18 23:42:45
833,2020-04-22 15:32:53
861,2020-04-29 16:56:16
875,2020-05-01 14:35:33
884,2020-05-04 22:40:51
888,2020-05-06 3:13:56
893,2020-05-07 15:55:56
897,2020-05-08 1:44:37
901,2020-05-08 22:40:17
906,2020-05-11 14:08:36
914,2020-05-13 20:50:35
933,2020-05-18 16:57:47
940,2020-05-19 14:48:56
947,2020-05-20 0:17:12
959,2020-05-21 11:41:53
972,2020-05-23 5:29:48
975,2020-05-24 7:06:57
977,2020-05-24 19:43:36
982,2020-05-25 17:08:04
986,2020-05-25 21:47:10
1009,2020-05-28 21:50:48
1018,2020-05-29 23:51:30
1031,2020-06-02 2:22:31
1034,2020-06-02 11:25:08
1044,2020-06-03 21:47:48
1050,2020-06-04 18:25:08
1057,2020-06-05 15:49:49
1060,2020-06-05 19:22:39
1068,2020-06-08 18:16:04
1081,2020-06-11 1:58:43
1082,2020-06-11 2:48:53
1084,2020-06-11 16:06:42
1090,2020-06-13 15:30:11
1091,2020-06-13 23:41:13
1093,2020-06-14 21:16:19
1094,2020-06-14 21:35:18
1098,2020-06-15 2:54:26
1107,2020-06-16 19:33:43
1113,2020-06-17 16:13:05
1120,2020-06-18 1:02:16
1125,2020-06-18 16:25:45
1128,2020-06-18 20:23:16
1134,2020-06-19 21:02:26
1170,2020-06-27 4:53:20
1179,2020-06-30 15:30:02
1181,2020-06-30 18:54:21
1193,2020-07-02 17:31:30
1194,2020-07-02 20:49:53
1200,2020-07-03 18:27:34
1213,2020-07-06 21:37:53
1214,2020-07-06 22:05:32
1222,2020-07-08 1:18:32
1228,2020-07-09 2:42:43
1235,2020-07-10 21:51:58
1253,2020-07-14 14:18:49
1255,2020-07-14 19:08:33
1260,2020-07-15 14:20:44
1262,2020-07-15 17:04:21
1279,2020-07-18 14:05:06
1280,2020-07-18 15:08:42
1282,2020-07-18 20:32:09
1283,2020-07-18 22:00:33
1289,2020-07-19 22:47:50
1293,2020-07-20 20:15:39
1294,2020-07-20 21:04:39
1298,2020-07-21 16:15:26
1301,2020-07-21 22:23:29
1304,2020-07-22 3:58:13
1325,2020-07-24 16:25:09
1328,2020-07-26 1:09:49
1347,2020-07-28 21:25:06
1351,2020-07-29 15:18:47
1365,2020-07-30 22:09:41
1390,2020-08-05 2:12:15
1401,2020-08-05 23:49:23
1414,2020-08-07 21:25:15
1422,2020-08-08 17:02:37
1426,2020-08-09 22:34:19
1428,2020-08-10 14:28:27
1429,2020-08-10 14:46:00
1448,2020-08-12 15:00:42
1449,2020-08-12 15:46:39
1489,2020-08-19 20:41:08
1511,2020-08-23 17:41:14
1516,2020-08-24 14:13:46
1517,2020-08-24 15:52:17
1522,2020-08-24 23:54:52
1536,2020-08-26 22:15:47
1539,2020-08-27 20:15:34
1543,2020-08-28 1:49:42
1545,2020-08-28 14:13:30
1559,2020-08-31 2:12:51
1562,2020-09-01 14:53:25
1563,2020-09-01 15:11:05
1578,2020-09-04 3:02:58
1584,2020-09-06 18:11:37
1586,2020-09-06 22:35:31
1590,2020-09-07 21:19:17
1623,2020-09-10 18:48:50
1647,2020-09-14 18:57:06
1649,2020-09-15 0:23:05
1657,2020-09-16 15:06:57
1663,2020-09-17 18:22:55
1665,2020-09-18 3:11:52
1666,2020-09-18 12:16:52
1668,2020-09-18 19:49:48
1687,2020-09-21 17:04:47
1696,2020-09-22 15:41:07
1716,2020-09-23 20:40:50
1717,2020-09-23 22:46:46
1721,2020-09-25 3:02:35
1723,2020-09-25 13:12:32
1738,2020-09-26 21:42:11
1747,2020-09-28 18:39:54
1752,2020-09-29 12:12:22
1770,2020-09-30 21:16:43
1774,2020-10-01 14:03:57
1793,2020-10-06 0:17:45
1825,2020-10-11 2:18:45
1832,2020-10-13 1:41:15
1835,2020-10-13 19:00:03
1838,2020-10-14 13:18:18
4187,2020-10-14 21:06:58
1847,2020-10-14 23:02:10
1857,2020-10-15 20:01:36
1858,2020-10-15 20:40:21
1866,2020-10-16 15:43:59
1868,2020-10-16 20:41:24
1869,2020-10-16 20:42:25
1889,2020-10-19 23:14:54
1893,2020-10-20 3:27:32
1906,2020-10-21 14:11:06
1917,2020-10-22 15:21:30
1921,2020-10-23 2:30:04
1928,2020-10-23 18:42:58
1935,2020-10-24 20:16:32
1936,2020-10-24 22:28:16
1941,2020-10-25 18:16:21
1947,2020-10-26 15:57:21
1949,2020-10-26 18:26:40
1955,2020-10-27 13:44:35
1956,2020-10-27 16:17:56
1968,2020-10-28 13:36:14
1974,2020-10-28 18:47:33
1991,2020-10-30 21:04:57
1992,2020-10-30 23:54:10
2001,2020-11-02 14:30:35
2031,2020-11-04 23:42:39
2034,2020-11-05 13:14:33
2045,2020-11-06 14:28:19
2046,2020-11-06 20:02:50
2047,2020-11-06 20:32:06
2052,2020-11-06 23:28:24
2053,2020-11-07 2:33:44
2081,2020-11-10 16:34:50
2088,2020-11-10 18:01:43
2095,2020-11-11 12:01:41
2112,2020-11-13 15:11:53
2115,2020-11-13 18:33:16
2125,2020-11-16 13:21:30
2126,2020-11-16 16:08:22
2144,2020-11-18 20:03:50
2157,2020-11-20 15:21:02
2165,2020-11-21 17:07:18
2169,2020-11-22 19:11:57
2177,2020-11-23 14:11:01
2197,2020-11-24 19:42:09
2203,2020-11-25 14:48:18
2219,2020-11-27 12:26:49
2221,2020-11-27 17:52:50
2223,2020-11-27 18:59:36
2229,2020-11-29 0:13:29
2230,2020-11-29 13:08:25
2238,2020-11-30 14:39:37
2239,2020-11-30 15:20:22
2250,2020-12-01 11:54:23
2265,2020-12-02 16:19:51
2266,2020-12-02 16:37:28
2268,2020-12-02 19:16:50
2280,2020-12-03 18:32:23
2293,2020-12-06 3:59:52
2301,2020-12-07 14:26:15
2311,2020-12-09 2:19:30
2320,2020-12-10 18:37:31
2324,2020-12-11 1:01:16
2327,2020-12-11 15:41:36
2330,2020-12-11 16:23:44
2346,2020-12-14 19:42:00
2362,2020-12-17 15:06:05
2364,2020-12-17 20:40:59
2378,2020-12-19 13:09:54
2391,2020-12-21 18:33:24
2393,2020-12-21 21:12:06
2396,2020-12-22 12:19:11
2399,2020-12-22 16:38:01
2409,2020-12-23 16:19:35
2422,2020-12-28 4:03:49
2435,2020-12-30 14:15:23
2436,2020-12-30 14:44:05
2441,2020-12-30 21:12:17
2448,2021-01-02 18:07:18
2454,2021-01-03 23:50:33
2460,2021-01-04 16:41:30
2477,2021-01-07 2:06:14
2480,2021-01-07 15:49:49
2505,2021-01-12 13:39:31
2511,2021-01-12 19:46:24
2514,2021-01-13 5:58:45
2515,2021-01-13 15:14:09
2517,2021-01-13 19:02:40
2518,2021-01-13 22:36:05
2522,2021-01-14 5:48:31
2536,2021-01-15 20:29:27
2538,2021-01-16 21:03:30
2541,2021-01-17 14:14:51
2549,2021-01-18 18:17:03
2569,2021-01-20 20:17:16
2583,2021-01-22 0:01:04
2586,2021-01-22 14:17:34
2587,2021-01-22 14:24:21
2593,2021-01-22 18:29:51
2600,2021-01-23 23:55:30
2617,2021-01-25 18:26:46
2618,2021-01-26 2:38:49
2623,2021-01-26 15:10:27
2645,2021-01-29 2:01:22
2664,2021-01-30 0:49:52
2669,2021-01-30 19:19:01
2681,2021-01-31 14:08:23
2683,2021-01-31 15:47:05
2686,2021-01-31 22:01:27
2692,2021-02-01 17:47:45
2696,2021-02-01 22:27:30
2707,2021-02-02 20:03:39
2715,2021-02-03 13:11:25
2717,2021-02-03 13:53:57
2723,2021-02-03 20:50:03
2741,2021-02-06 15:18:22
2742,2021-02-06 16:17:01
2746,2021-02-07 0:34:27
2753,2021-02-08 14:57:31
2756,2021-02-08 21:30:06
2761,2021-02-09 13:28:45
2762,2021-02-09 14:15:41
2766,2021-02-09 19:21:50
2768,2021-02-10 18:02:24
2775,2021-02-11 18:00:24
2776,2021-02-11 19:33:02
2785,2021-02-12 19:26:02
2786,2021-02-12 21:15:54
2791,2021-02-13 20:14:56
2792,2021-02-14 0:38:52
2798,2021-02-15 13:12:13
2803,2021-02-15 20:18:20
2808,2021-02-16 14:17:14
2816,2021-02-16 21:21:50
2829,2021-02-18 16:26:05
2833,2021-02-18 20:32:46
2844,2021-02-19 19:22:02
2856,2021-02-22 0:52:12
2866,2021-02-22 20:29:45
2873,2021-02-23 15:42:28
2875,2021-02-23 21:01:34
2889,2021-02-24 20:36:12
2892,2021-02-24 22:34:05
2900,2021-02-25 13:28:22
2901,2021-02-25 16:54:50
2902,2021-02-25 18:57:24
2911,2021-02-26 16:21:10
2912,2021-02-26 18:45:42
2918,2021-02-27 3:27:21
2921,2021-02-27 18:36:57
2922,2021-02-27 19:27:30
2925,2021-02-28 2:40:02
2932,2021-02-28 21:08:42
2936,2021-03-01 2:05:48
2941,2021-03-01 17:16:09
2956,2021-03-02 13:26:32
2957,2021-03-02 14:13:42
2965,2021-03-02 19:48:41
2976,2021-03-03 21:14:44
2979,2021-03-04 12:41:53
2991,2021-03-05 4:29:19
2996,2021-03-05 15:45:01
3001,2021-03-05 20:36:47
3002,2021-03-05 22:18:33
3016,2021-03-07 16:19:40
3025,2021-03-08 13:10:34
3038,2021-03-09 2:05:39
3039,2021-03-09 2:26:04
3041,2021-03-09 13:52:43
3042,2021-03-09 15:19:17
3054,2021-03-10 12:04:02
3057,2021-03-10 14:17:59
3062,2021-03-10 18:42:33
3069,2021-03-11 13:12:06
3074,2021-03-11 18:32:47
3083,2021-03-12 2:44:34
3091,2021-03-12 20:48:13
3100,2021-03-14 0:11:27
3127,2021-03-16 12:22:27
3143,2021-03-17 2:59:21
3148,2021-03-17 14:50:59
3155,2021-03-17 19:43:22
3160,2021-03-18 10:43:17
3165,2021-03-18 19:09:35
3175,2021-03-19 22:27:30
3188,2021-03-21 20:40:33
3196,2021-03-22 13:21:56
3208,2021-03-24 0:22:15
3220,2021-03-25 14:47:19
3231,2021-03-26 21:29:44
3233,2021-03-26 23:37:40
3236,2021-03-27 15:59:01
3242,2021-03-27 23:35:15
3259,2021-03-29 19:23:10
3267,2021-03-30 3:53:26
3293,2021-03-31 17:19:13
3295,2021-03-31 20:19:21
3313,2021-04-01 20:02:24
3315,2021-04-01 20:42:15
3331,2021-04-03 15:24:28
3340,2021-04-04 19:37:51
3342,2021-04-04 22:47:38
3346,2021-04-05 17:50:25
3350,2021-04-05 21:52:36
3352,2021-04-06 1:06:47
3364,2021-04-06 18:14:06
3376,2021-04-07 14:02:28
3385,2021-04-08 2:15:20
3388,2021-04-08 13:11:49
3395,2021-04-08 15:57:41
3399,2021-04-08 21:14:20
3401,2021-04-09 1:29:10
3413,2021-04-09 23:07:44
3418,2021-04-11 2:53:47
3436,2021-04-12 19:00:50
3437,2021-04-12 19:10:02
3447,2021-04-13 15:29:41
3466,2021-04-14 18:41:51
3467,2021-04-14 20:17:00
3486,2021-04-16 2:39:13
3488,2021-04-16 5:11:26
3497,2021-04-16 19:02:37
3506,2021-04-17 1:33:58
3550,2021-04-20 22:47:29
3558,2021-04-21 14:28:45
3562,2021-04-21 16:48:14
3574,2021-04-22 15:29:09
3594,2021-04-24 2:22:08
3596,2021-04-24 12:39:37
3603,2021-04-24 23:25:18
3613,2021-04-26 16:11:25
3617,2021-04-26 18:26:07
3627,2021-04-26 22:42:03
3635,2021-04-27 15:02:03
3643,2021-04-27 19:28:23
3658,2021-04-28 21:31:23
3666,2021-04-29 15:14:39
3675,2021-04-30 1:04:57
3677,2021-04-30 3:05:49
3678,2021-04-30 4:30:50
3684,2021-04-30 22:50:11
3693,2021-05-01 16:14:37
3694,2021-05-01 16:35:34
3696,2021-05-01 18:08:57
3697,2021-05-01 21:16:17
3705,2021-05-02 16:12:00
3706,2021-05-02 18:40:14
3719,2021-05-03 19:43:49
3723,2021-05-03 22:22:01
3732,2021-05-04 14:47:13
3737,2021-05-04 16:21:18
3738,2021-05-04 16:45:23
3745,2021-05-05 2:18:54
3751,2021-05-05 16:08:55
3754,2021-05-05 20:28:39
3763,2021-05-06 14:26:09
3767,2021-05-06 20:30:29
3768,2021-05-06 21:37:11
3772,2021-05-07 16:24:45
3776,2021-05-07 21:23:24
3798,2021-05-10 16:49:03
3804,2021-05-11 0:36:13
3806,2021-05-11 2:44:30
3812,2021-05-11 22:55:10
3822,2021-05-12 21:16:29
3829,2021-05-13 2:46:11
3836,2021-05-13 16:19:42
3839,2021-05-13 21:54:07
3850,2021-05-14 17:14:56
3853,2021-05-14 20:50:09
3861,2021-05-16 13:31:19
3863,2021-05-17 2:00:04
3882,2021-05-18 19:01:06
3884,2021-05-18 21:46:57
3889,2021-05-19 13:49:04
3895,2021-05-19 19:40:04
3907,2021-05-20 14:29:58
3909,2021-05-20 17:01:42
3910,2021-05-20 17:06:16
3914,2021-05-20 19:31:55
3922,2021-05-21 5:45:04
3926,2021-05-21 19:36:52
3937,2021-05-23 18:49:49
3957,2021-05-24 22:17:21
3967,2021-05-25 1:48:44
3974,2021-05-25 17:46:10
3976,2021-05-25 18:49:07
3987,2021-05-26 12:46:06
3988,2021-05-26 13:10:34
3991,2021-05-26 15:49:19
3992,2021-05-26 16:48:20
3999,2021-05-26 21:30:05
4006,2021-05-27 3:03:12
4009,2021-05-27 13:06:22
4030,2021-05-28 12:40:28
4041,2021-05-29 16:48:58
4056,2021-05-30 17:18:15
4058,2021-05-30 19:20:54
4075,2021-05-31 19:49:08
4090,2021-06-01 15:16:37
4092,2021-06-01 16:03:43
4113,2021-06-03 1:23:14
4121,2021-06-03 16:07:26
4133,2021-06-04 2:24:13
4134,2021-06-04 10:09:20
4149,2021-06-06 0:58:35
4154,2021-06-07 0:03:42
4179,2021-06-08 18:11:25
4192,2021-06-09 23:22:45
4195,2021-06-10 2:20:26
4197,2021-06-10 13:33:39
4199,2021-06-10 19:03:26
4205,2021-06-11 16:19:27
4207,2021-06-11 20:06:18
4209,2021-06-11 21:44:02
4213,2021-06-11 22:35:22
4217,2021-06-12 14:10:32
4225,2021-06-13 17:30:47
4227,2021-06-14 1:22:47
4228,2021-06-14 2:06:08
4240,2021-06-15 18:30:55
4259,2021-06-17 3:39:44
4262,2021-06-17 15:09:13
4278,2021-06-19 19:56:04
4280,2021-06-19 21:28:46
4282,2021-06-20 2:16:17
4305,2021-06-22 20:52:32
4309,2021-06-22 21:15:08
4316,2021-06-23 19:17:05
4317,2021-06-23 22:24:17
4324,2021-06-24 19:06:37
4328,2021-06-25 14:05:00
4331,2021-06-25 18:48:17
4334,2021-06-25 21:19:28
4339,2021-06-26 0:34:49
4348,2021-06-27 16:50:26
4353,2021-06-28 3:28:12
4354,2021-06-28 16:24:05
4356,2021-06-29 15:16:05
4359,2021-06-29 19:19:30
4368,2021-06-30 16:15:54
4370,2021-06-30 17:41:36
4373,2021-06-30 23:24:24
4374,2021-07-01 0:07:09
4383,2021-07-01 15:10:17
4386,2021-07-01 16:11:21
4389,2021-07-02 0:45:36
4392,2021-07-02 13:21:50
4393,2021-07-02 15:18:10
4394,2021-07-02 15:51:48
4397,2021-07-02 17:26:48
4399,2021-07-02 20:30:15
4400,2021-07-02 21:17:39
4401,2021-07-02 21:30:08
4402,2021-07-02 22:14:53
4405,2021-07-03 17:18:32
4409,2021-07-04 15:31:58
4412,2021-07-04 17:51:13
4424,2021-07-05 18:45:05
4432,2021-07-06 20:56:55
4447,2021-07-08 12:44:59
4467,2021-07-10 19:53:48
4470,2021-07-11 6:23:28
4471,2021-07-11 19:36:01
4474,2021-07-12 13:27:37
4476,2021-07-12 14:58:53
4482,2021-07-12 21:09:49
4487,2021-07-13 18:06:48
4491,2021-07-13 21:08:23
4492,2021-07-13 21:13:58
4493,2021-07-14 0:03:04
4496,2021-07-14 21:03:36
4504,2021-07-15 23:18:08
4512,2021-07-17 12:25:40
4514,2021-07-18 21:04:18
4515,2021-07-18 21:17:08
4522,2021-07-19 23:21:35
4528,2021-07-20 19:00:15
4530,2021-07-20 19:20:37
4531,2021-07-20 19:20:57
4533,2021-07-20 21:03:16
4555,2021-07-22 22:33:52
4566,2021-07-23 23:35:00
4574,2021-07-26 0:38:50
4577,2021-07-26 4:14:45
4582,2021-07-26 17:15:35
4587,2021-07-27 11:02:37
4597,2021-07-27 16:03:12
4604,2021-07-27 22:27:56
4606,2021-07-28 3:19:12
4615,2021-07-29 0:44:33
4626,2021-07-30 3:28:49
4629,2021-07-30 12:22:32
4630,2021-07-30 13:10:07
4636,2021-07-30 20:07:52
4638,2021-07-31 0:14:10
4642,2021-08-01 1:10:18
4653,2021-08-02 14:59:31
4654,2021-08-02 15:07:15
4655,2021-08-02 15:18:03
4662,2021-08-03 9:43:10
4664,2021-08-03 13:43:27
4666,2021-08-03 17:38:26
4668,2021-08-03 21:39:14
4671,2021-08-04 3:06:51
4679,2021-08-05 12:08:11
4684,2021-08-05 20:07:18
4687,2021-08-06 0:26:38
4692,2021-08-06 15:51:34
4702,2021-08-09 3:11:00
4704,2021-08-09 16:50:20
4705,2021-08-09 17:56:45
4708,2021-08-09 23:28:59
4709,2021-08-10 12:22:45
4710,2021-08-10 13:27:49
4714,2021-08-10 19:30:36
4716,2021-08-10 20:29:25
4718,2021-08-11 0:24:06
4720,2021-08-11 11:53:01
4730,2021-08-12 15:31:14
4732,2021-08-12 15:47:50
4733,2021-08-12 16:38:02
4734,2021-08-12 17:30:41
4736,2021-08-12 18:27:46
4737,2021-08-12 18:44:14
4746,2021-08-13 13:59:41
4747,2021-08-13 16:11:58
4757,2021-08-15 20:14:50
4759,2021-08-15 21:02:17
4761,2021-08-15 23:51:10
4763,2021-08-16 4:42:54
4780,2021-08-17 23:33:24
4784,2021-08-18 12:13:13
4786,2021-08-18 14:18:30
4790,2021-08-18 17:32:01
4796,2021-08-18 20:38:36
4798,2021-08-18 20:51:13
4805,2021-08-19 17:45:59
4815,2021-08-20 15:27:45
4826,2021-08-22 15:45:04
4829,2021-08-23 0:57:24
4831,2021-08-23 6:11:42
4840,2021-08-24 2:13:58
4864,2021-08-26 3:07:23
4871,2021-08-27 1:58:28
4876,2021-08-27 23:48:35
4879,2021-08-28 19:29:31
4884,2021-08-29 17:43:41
4885,2021-08-30 1:12:29
4891,2021-08-30 12:29:06
4896,2021-08-30 18:38:14
4903,2021-08-30 23:02:43
4913,2021-09-01 13:50:12
4915,2021-09-01 14:17:46
4919,2021-09-01 22:32:10
4920,2021-09-01 22:52:30
4925,2021-09-02 3:02:53
4926,2021-09-02 13:30:12
4930,2021-09-02 21:29:32
4932,2021-09-02 22:36:51
4933,2021-09-03 13:47:39
4934,2021-09-03 15:22:13
4937,2021-09-03 21:33:54
4940,2021-09-05 13:14:37
4944,2021-09-06 16:35:40
4945,2021-09-06 16:59:03
4948,2021-09-06 19:05:01
4950,2021-09-06 19:59:37
4952,2021-09-06 20:22:00
4961,2021-09-07 19:31:27
4970,2021-09-08 13:02:16
4973,2021-09-08 17:18:28
4977,2021-09-09 12:40:04
4978,2021-09-09 15:05:09
4979,2021-09-09 15:20:19
4981,2021-09-09 22:09:31
4985,2021-09-10 1:59:56
4986,2021-09-10 2:37:03
4987,2021-09-10 12:58:34
4988,2021-09-10 13:29:35
4994,2021-09-11 21:01:08
5008,2021-09-13 18:40:16
5010,2021-09-13 21:04:40
5014,2021-09-14 15:58:55
5024,2021-09-15 18:18:09
5026,2021-09-15 23:52:13
5032,2021-09-18 13:51:34
5037,2021-09-20 3:04:44
5041,2021-09-20 13:19:01
5053,2021-09-21 12:07:02
5060,2021-09-21 18:19:32
5062,2021-09-21 20:36:31
5073,2021-09-22 17:52:01
5075,2021-09-22 19:24:39
5085,2021-09-23 15:55:31
5091,2021-09-24 11:16:09
5095,2021-09-24 14:33:07
5097,2021-09-24 22:01:00
5102,2021-09-26 20:11:47
5112,2021-09-27 21:46:18
5115,2021-09-28 3:29:15
5121,2021-09-28 19:00:57
5125,2021-09-29 3:10:47
5140,2021-09-30 12:40:03
5151,2021-10-01 0:48:20
5152,2021-10-01 1:30:26
5154,2021-10-01 11:00:55
5173,2021-10-04 2:06:13
5177,2021-10-04 14:24:13
5184,2021-10-04 22:07:57
5187,2021-10-05 14:46:04
5189,2021-10-05 16:00:47
5190,2021-10-05 16:15:24
5202,2021-10-06 17:24:26
5203,2021-10-06 17:58:58
5222,2021-10-08 14:49:21
5223,2021-10-08 16:50:24
5229,2021-10-11 0:05:52
5230,2021-10-11 1:44:48
5240,2021-10-12 13:37:55
5244,2021-10-12 15:23:18
5245,2021-10-12 17:15:11
5252,2021-10-13 12:40:53
5261,2021-10-14 11:27:42
5270,2021-10-15 14:48:29
5275,2021-10-15 22:34:53
5286,2021-10-17 22:00:13
5287,2021-10-18 15:56:13
5288,2021-10-18 17:31:50
5289,2021-10-18 17:59:37
5294,2021-10-18 19:18:50
5295,2021-10-18 19:49:53
5296,2021-10-18 19:54:20
5299,2021-10-18 22:52:55
5302,2021-10-19 2:54:06
5304,2021-10-19 11:38:18
5310,2021-10-19 15:30:10
5311,2021-10-19 16:03:32
5312,2021-10-19 16:06:30
5313,2021-10-19 16:26:09
5314,2021-10-19 16:45:27
5316,2021-10-19 17:19:06
5317,2021-10-19 17:50:55
5319,2021-10-19 19:02:24
5326,2021-10-19 21:43:59
5342,2021-10-20 19:09:14
5346,2021-10-20 22:51:20
5349,2021-10-21 3:05:28
5350,2021-10-21 10:56:53
5352,2021-10-21 14:00:46
5356,2021-10-21 17:55:00
5357,2021-10-21 19:11:39
5360,2021-10-22 0:22:16
5363,2021-10-22 7:14:56
5366,2021-10-22 16:57:22
5370,2021-10-23 15:54:45
5372,2021-10-23 20:54:18
5377,2021-10-25 4:07:58
5384,2021-10-25 16:18:45
5385,2021-10-25 16:47:55
5388,2021-10-26 14:16:51
5392,2021-10-27 12:03:56
5393,2021-10-27 16:12:19
5394,2021-10-27 16:27:47
5395,2021-10-27 16:41:29
5396,2021-10-27 16:55:37
5397,2021-10-27 17:17:13
5415,2021-10-29 16:05:45
5417,2021-10-29 17:05:33
5423,2021-10-30 13:05:55
5432,2021-11-02 13:03:59
5442,2021-11-02 18:44:40
5461,2021-11-03 14:09:07
5462,2021-11-03 15:56:47
5464,2021-11-03 19:04:46
5469,2021-11-03 22:52:32
5470,2021-11-04 0:06:58
5475,2021-11-04 18:06:40
5477,2021-11-04 19:26:00
5479,2021-11-04 20:20:41
5482,2021-11-04 23:29:22
5489,2021-11-05 14:02:58
5490,2021-11-05 14:27:45
5492,2021-11-05 16:39:07
5496,2021-11-05 23:12:12
5502,2021-11-08 0:19:27
5512,2021-11-08 16:00:13
5528,2021-11-09 14:05:15
5534,2021-11-09 20:18:22
5543,2021-11-10 17:09:33
5550,2021-11-11 20:23:59
5551,2021-11-11 21:01:14
5555,2021-11-12 15:52:21
5558,2021-11-12 23:43:29
5559,2021-11-13 1:13:22
5568,2021-11-14 21:16:19
5580,2021-11-15 17:28:48
5593,2021-11-16 11:51:23
5597,2021-11-16 15:08:53
5602,2021-11-16 23:25:50
5603,2021-11-16 23:51:04
5614,2021-11-17 17:04:44
5616,2021-11-17 21:14:03
5619,2021-11-18 2:08:19
5622,2021-11-18 16:54:42
5623,2021-11-18 17:37:03
5634,2021-11-18 23:50:08
5635,2021-11-19 0:43:20
5642,2021-11-19 17:11:38
5645,2021-11-19 20:09:56
5647,2021-11-19 21:32:27
5656,2021-11-21 14:29:07
5658,2021-11-21 19:49:05
5663,2021-11-22 12:04:26
5664,2021-11-22 14:10:55
5669,2021-11-22 15:17:19
5689,2021-11-23 19:10:35
5695,2021-11-24 17:12:06
5696,2021-11-24 18:39:04
5705,2021-11-25 12:05:11
5708,2021-11-25 14:26:36
5713,2021-11-25 21:35:28
5721,2021-11-26 20:44:44
5735,2021-11-28 23:53:40
5741,2021-11-29 15:44:38
5742,2021-11-29 17:07:43
5756,2021-11-30 16:12:48
5760,2021-11-30 17:29:06
5762,2021-11-30 18:00:48
5766,2021-11-30 22:06:51
5777,2021-12-01 13:05:56
5782,2021-12-01 17:04:51
5783,2021-12-01 17:09:22
5790,2021-12-01 21:41:06
5802,2021-12-03 12:05:10
5803,2021-12-03 13:10:23
5830,2021-12-06 17:07:52
5833,2021-12-06 19:09:37
5838,2021-12-06 21:33:09
5845,2021-12-07 14:10:30
5847,2021-12-07 15:11:58
5850,2021-12-07 19:22:08
5851,2021-12-07 19:38:27
5856,2021-12-08 20:38:10
5859,2021-12-09 13:58:01
5863,2021-12-10 1:20:16
5865,2021-12-10 10:40:36
5866,2021-12-10 14:35:05
5873,2021-12-10 19:12:27
5875,2021-12-10 20:00:12
5890,2021-12-13 16:33:22
5892,2021-12-13 17:21:13
5898,2021-12-13 21:16:01
5910,2021-12-14 20:10:33
5913,2021-12-15 18:00:54
5916,2021-12-16 12:09:41
5919,2021-12-16 14:08:28
5924,2021-12-17 11:35:31
5951,2021-12-21 14:51:18
5958,2021-12-22 18:20:54
5960,2021-12-22 19:11:02
5964,2021-12-23 15:14:47
5967,2021-12-23 18:08:25
5968,2021-12-23 18:24:47
5971,2021-12-23 20:06:20
5981,2021-12-27 9:57:44
5995,2021-12-28 15:09:21
5997,2021-12-28 15:39:27
6003,2021-12-28 18:56:59
6028,2021-12-31 13:08:52
6035,2022-01-02 21:33:22
6042,2022-01-03 14:09:17
6045,2022-01-03 17:07:08
6051,2022-01-03 23:30:17
6056,2022-01-04 12:09:20
6058,2022-01-04 15:08:07
6061,2022-01-04 17:46:57
6063,2022-01-04 20:10:41
6064,2022-01-04 20:37:02
6072,2022-01-05 5:01:35
6075,2022-01-05 7:30:31
6078,2022-01-05 14:15:41
6079,2022-01-05 14:42:07
6091,2022-01-05 21:35:34
6096,2022-01-06 2:31:29
6100,2022-01-06 18:07:27
6101,2022-01-06 18:37:36
6115,2022-01-07 19:10:11
6142,2022-01-10 22:08:36
6144,2022-01-11 0:19:03
6155,2022-01-11 20:10:02
6157,2022-01-12 12:05:59
6159,2022-01-12 14:46:47
6168,2022-01-13 12:07:09
6179,2022-01-13 19:51:11
6180,2022-01-13 19:51:40
6187,2022-01-14 18:35:12
6191,2022-01-15 23:29:29
6201,2022-01-17 15:38:39
6205,2022-01-18 0:40:08
6206,2022-01-18 14:06:58
6208,2022-01-18 17:50:03
6210,2022-01-18 20:17:39
6213,2022-01-18 21:49:40
6219,2022-01-19 12:35:28
6224,2022-01-19 22:13:18
6230,2022-01-20 16:52:11
6240,2022-01-20 22:06:45
6243,2022-01-20 23:38:22
6245,2022-01-21 1:51:42
6247,2022-01-21 14:04:16
6261,2022-01-24 12:09:33
6265,2022-01-24 16:01:07
6274,2022-01-24 22:05:19
6279,2022-01-25 6:00:36
6282,2022-01-25 13:58:00
6286,2022-01-25 17:02:06
6290,2022-01-25 21:09:27
6294,2022-01-26 19:40:18
6305,2022-01-27 19:38:04
6311,2022-01-28 13:07:07
6313,2022-01-28 15:03:21
6315,2022-01-28 19:40:35
6316,2022-01-28 20:23:50
6317,2022-01-28 22:10:31
6329,2022-01-31 13:54:25
6332,2022-01-31 15:07:16
6334,2022-01-31 17:41:06
6340,2022-01-31 21:13:00
6351,2022-02-01 23:02:56
6353,2022-02-02 12:39:16
6355,2022-02-02 19:13:54
6357,2022-02-02 21:53:35
6364,2022-02-03 17:00:06
6373,2022-02-04 14:10:30
6374,2022-02-04 15:11:02
6375,2022-02-04 16:44:24
6376,2022-02-04 17:01:16
6380,2022-02-06 7:24:35
6383,2022-02-07 13:09:14
6385,2022-02-07 14:22:13
6386,2022-02-07 15:05:36
6389,2022-02-07 17:00:06
6402,2022-02-08 13:03:36
6403,2022-02-08 13:04:57
6405,2022-02-08 15:08:37
6406,2022-02-08 16:17:58
6407,2022-02-08 18:42:33
6409,2022-02-08 19:24:23
6412,2022-02-09 1:28:09
6414,2022-02-09 2:00:03
6417,2022-02-09 13:07:43
6418,2022-02-09 15:07:11
6420,2022-02-09 18:03:57
6427,2022-02-10 13:09:34
6429,2022-02-10 16:11:30
6432,2022-02-10 23:41:21
6436,2022-02-11 12:38:14
6437,2022-02-11 14:08:15
6442,2022-02-12 16:07:30
6444,2022-02-13 13:28:49
6446,2022-02-14 13:38:32
6449,2022-02-14 18:20:47
6460,2022-02-15 22:14:08
6461,2022-02-15 22:50:49
6463,2022-02-15 23:58:22
6464,2022-02-16 11:46:50
6465,2022-02-16 12:08:24
6466,2022-02-16 14:07:44
6467,2022-02-16 15:19:17
6468,2022-02-16 15:25:21
6469,2022-02-16 18:39:29
6473,2022-02-17 3:10:56
6474,2022-02-17 14:11:08
6480,2022-02-17 19:27:08
6483,2022-02-17 21:37:50
6485,2022-02-18 12:12:38
6489,2022-02-18 21:12:37
6496,2022-02-21 14:16:42
6497,2022-02-21 14:33:05
6502,2022-02-21 20:39:07
6504,2022-02-21 21:54:46
6505,2022-02-22 0:32:39
6507,2022-02-22 11:42:12
6508,2022-02-22 12:05:20
6509,2022-02-22 13:09:43
6510,2022-02-22 13:53:29
6512,2022-02-22 15:07:42
6513,2022-02-22 15:09:01
6514,2022-02-22 18:15:38
6515,2022-02-22 18:46:33
6517,2022-02-23 11:08:06
6519,2022-02-23 13:09:21
6521,2022-02-23 16:00:37
6523,2022-02-23 19:13:05
6524,2022-02-23 19:26:32
6526,2022-02-23 19:49:59
6530,2022-02-23 23:15:19
6531,2022-02-23 23:46:04
6537,2022-02-24 16:05:48
6540,2022-02-24 19:19:49
6542,2022-02-24 20:19:36
6547,2022-02-25 13:13:57
6549,2022-02-25 13:43:43
6550,2022-02-25 14:38:35
6552,2022-02-25 20:18:03
6558,2022-02-26 15:47:52
6569,2022-02-27 19:58:37
6571,2022-02-27 20:32:47
6574,2022-02-28 15:55:30
6581,2022-03-01 12:11:41
6583,2022-03-01 14:02:48
6584,2022-03-01 14:57:53
6585,2022-03-01 15:06:01
6589,2022-03-01 17:42:33
6591,2022-03-01 20:07:30
6596,2022-03-01 22:11:42
6603,2022-03-02 13:23:47
6605,2022-03-02 14:41:03
6608,2022-03-02 17:15:25
6609,2022-03-02 17:22:50
6610,2022-03-02 18:11:05
6614,2022-03-02 22:15:37
6616,2022-03-02 22:30:29
6618,2022-03-03 0:27:31
6619,2022-03-03 1:37:59
6625,2022-03-03 18:38:13
6626,2022-03-03 18:50:15
6629,2022-03-03 20:11:53
6634,2022-03-04 3:42:30
6637,2022-03-04 13:26:36
6641,2022-03-04 13:56:47
6648,2022-03-05 15:38:19
6653,2022-03-06 12:21:13
6654,2022-03-06 15:53:44
6658,2022-03-06 20:43:39
6659,2022-03-06 20:47:19
6660,2022-03-06 21:13:22
6661,2022-03-06 22:44:37
6672,2022-03-07 17:52:41
6680,2022-03-07 21:27:57
6684,2022-03-08 12:11:29
6706,2022-03-09 16:07:21
6710,2022-03-09 17:06:08
6723,2022-03-10 12:46:12
6741,2022-03-11 16:29:07
6748,2022-03-12 14:51:53
6756,2022-03-13 14:47:08
6757,2022-03-13 17:46:20
6764,2022-03-14 15:29:03
6784,2022-03-15 18:17:04
6798,2022-03-16 12:58:44
6811,2022-03-17 1:03:55
6812,2022-03-17 2:08:08
6825,2022-03-18 14:25:54
6836,2022-03-19 21:57:27
6845,2022-03-21 15:10:38
6868,2022-03-22 22:54:51
6877,2022-03-23 16:59:31
6879,2022-03-23 18:10:05
6882,2022-03-23 18:54:54
6898,2022-03-24 16:11:00
6936,2022-03-27 21:06:43
6948,2022-03-28 21:08:55
6962,2022-03-29 20:05:01
6994,2022-03-31 19:13:19
7037,2022-04-04 20:06:38
7038,2022-04-04 21:07:38
7077,2022-04-07 13:32:27